titulo,precio_num,imagen_url,fuente
"Piso en Avenida de Pilar Miró, 1",699000,https://fotos.imghs.net/mm-wp/1005/720/1005_109867720_3_2025111922115258329.jpg,pisos.com
"Dúplex en calle de José Antonio, 22",410900,https://fotos.imghs.net/mm-wp/1010/194/1010_2131194_1_2025102416102956299.jpg,pisos.com
Casa adosada en Pasaje Fuente Del Cura,255000,https://fotos.imghs.net/mm-wp/1010/681/1010_221681_1_2025120212125011058.jpg,pisos.com
Piso en calle de Lucas Mallada,345000,https://fotos.imghs.net/mm-wp/994867/60035585556.994867/994867_60035585556_8a462c02-d0a8-4991-ae6b-e61dd203fc34.jpg,pisos.com
Loft en calle de la Drácena,459000,https://fotos.imghs.net/mm-wp/531063/59221669029.531063/531063_59221669029_7b0ebbcf-5cd3-49ce-876f-2d6393e8c2a6.jpg,pisos.com
Piso en calle de Tetuán,699000,https://fotos.imghs.net/mm-wp/1002/525/1002_639525_1_2025111810111317095.jpeg,pisos.com
Piso en calle de Maqueda,459000,https://fotos.imghs.net/mm-wp/518874/59245936810.518874/518874_59245936810_e266c90d-6816-49dc-8c2f-361a5209e1c6.jpg,pisos.com
Piso en calle de Noblejas,1500000,https://fotos.imghs.net/mm-wp/521737/58411477913.521737/521737_58411477913_62c367a3-1dda-4632-8b3c-324ef801fb69.jpg,pisos.com
Piso en calle del General Ibáñez de Ibero,1195000,https://fotos.imghs.net/mm-wp/517902/58422992570.517902/517902_58422992570_ed3ea9e0-250f-4ab9-b1f9-6a118ddb2979.jpg,pisos.com
Piso en Avenida de los Reyes Católicos,205000,https://fotos.imghs.net/mm-wp/2712/58424714867.271200/2712_58424714867_c375b2aa-8278-47e7-a496-36f3c0d8ca22.jpg,pisos.com
Piso en calle de Santa Engracia,1730000,https://fotos.imghs.net/mm-wp/517902/57558245721.517902/517902_57558245721_2f06043e-56c8-4071-a156-62393845c35e.jpg,pisos.com
Apartamento en calle de la Cruz de Flores,190900,https://fotos.imghs.net/mm-wp/2712/57544095355.271200/2712_57544095355_840e3149-cac6-4ba0-a01b-2df10b47c01e.jpg,pisos.com
Casa adosada en calle de Poseidón,647000,https://fotos.imghs.net/mm-wp/1010/106/1010_2121106_8_2025031616034331516.jpg,pisos.com
Chalet en Carretera de Valdemanco,409000,https://fotos.imghs.net/mm-wp/1005/756/1005_2216355611756_1_2024071512075973096.jpg,pisos.com
Piso en calle de Nuestra Señora del Villar,221000,https://fotos.imghs.net/mm-wp/998861/60025308043.998861/998861_60025308043_68d4fd06-d0ed-4539-89f2-4f1d00ef0b29.jpg,pisos.com
Piso en calle de Illescas,230000,https://fotos.imghs.net/mm-wp/518874/59224258672.518874/518874_59224258672_87d11c67-1cf8-4ccd-82d9-729c28094366.jpg,pisos.com
Piso en Plaza San Francisco de Asis,233500,https://fotos.imghs.net/mm-wp/2712/58365750785.271200/2712_58365750785_14f3ddb9-8d4f-4968-98e3-5272ffe55354.jpg,pisos.com
Piso en calle de Eusebio Morán,255000,https://fotos.imghs.net/mm-wp/518874/55000875519.518874/518874_55000875519_a594194d-1873-43a3-9c40-e8d170cf75c1.jpg,pisos.com
Casa rústica en calle calle del Serranillo,975000,https://fotos.imghs.net/mm-wp/1018/856/1018_106579856_1_2025052817052067971.jpg,pisos.com
"Piso en calle del Planeta Marte, 1",286990,https://fotos.imghs.net/mm-wp/518514/59219057875.518514/518514_59219057875_5ca4a18c-5e52-4d04-8e04-4dc5677adb3e.jpg,pisos.com
"Piso en calle de Jesús y María, 34",479000,https://fotos.imghs.net/mm-wp/1005/927/1005_268479709927_1_2025112614114839119.jpg,pisos.com
"Piso en Plaza del Egido de la Fuente, 4",400000,https://fotos.imghs.net/mm-wp/1010/204/1010_1937204_1_2025090920092202320.jpg,pisos.com
"Apartamento en calle de la Paz, 5",175000,https://fotos.imghs.net/mm-wp/1010/767/1010_1524767_3_2025090910091757253.jpg,pisos.com
"Piso en calle Mayor, 16",3150000,https://fotos.imghs.net/mm-wp/510067/55008522568.510067/510067_55008522568_44057f94-8834-42cb-b823-7edfd7ae5a80.jpg,pisos.com
"Piso en calle de Monteleón, 19",930000,https://fotos.imghs.net/mm-wp/994129/51748571766.994129/994129_51748571766_cdbebd96-f1e9-4c4d-8582-a34a8c9afdc2.jpg,pisos.com
"Piso en calle Castelló, 120",1329000,https://fotos.imghs.net/mm-wp/1005/591/1005_4061591_3_2024101810100577133.jpg,pisos.com
"Piso en calle del Foso, 102",180000,https://fotos.imghs.net/mm-wp/1097/358/1097_0_foto_20170425125352695_945856909161358.jpg,pisos.com
Piso en calle Pío Baroja,285900,https://fotos.imghs.net/mm-wp/522020/60075386055.522020/522020_60075386055_17f9cbe2-956b-43fb-a023-565d34676081.jpg,pisos.com
Piso en calle de Agastia,1170000,https://fotos.imghs.net/mm-wp/1002/433/1002_641433_1_2025120518122198897.jpeg,pisos.com
Dúplex en calle del Arroyo Fontarrón,485000,https://fotos.imghs.net/mm-wp/1005/084/1005_273716991084_1_2025120218124799368.jpg,pisos.com
Piso en calle de la Secoya,430000,https://fotos.imghs.net/mm-wp/1047/199/1047_RP442025144199_1_2025120111125547600.jpg,pisos.com
Casa adosada en calle de la Giralda,419000,https://fotos.imghs.net/mm-wp/1010/480/1010_1416480_1_2025112816113671917.jpg,pisos.com
Chalet en Campiña,575000,https://fotos.imghs.net/mm-wp/1087/532/1087_UVC918-151532_2_2025111817110678962.jpeg,pisos.com
"Ático en calle de Manuel Cortina, 10",1275000,https://fotos.imghs.net/mm-wp/1018/851/1018_107395851_1_2025111723113016063.jpg,pisos.com
"Estudio en Travesía de Santiago Cordero, 2",165000,https://fotos.imghs.net/mm-wp/500564/59204465877.500564/500564_59204465877_20_20251117161951066.jpg,pisos.com
Piso en calle de Francisco Medrano,930000,https://fotos.imghs.net/mm-wp/500564/59253171393.500564/500564_59253171393_13_20251117162412628.jpg,pisos.com
Piso en calle de Cadalso de los Vidrios,519000,https://fotos.imghs.net/mm-wp/500564/59239916706.500564/500564_59239916706_24_20251117161239090.jpg,pisos.com
Chalet adosado en Avenida de España,1100000,https://fotos.imghs.net/mm-wp/500564/59204222472.500564/500564_59204222472_6_20251117161514241.jpg,pisos.com
Piso en calle del Divino Vallés,400000,https://fotos.imghs.net/mm-wp/1002/776/1002_636776_1_2025111319111427516.jpeg,pisos.com
Piso en calle de la Cañada,271000,https://fotos.imghs.net/mm-wp/1005/612/1005_271072233612_1_2025110612114961563.jpg,pisos.com
Piso en calle del Aligustre,350000,https://fotos.imghs.net/mm-wp/1010/981/1010_6224981_1_2025110420112704032.jpg,pisos.com
Piso en calle de Antonia Domínguez,545000,https://fotos.imghs.net/mm-wp/997242/58367726174.997242/997242_58367726174_48a7be45-6b31-479c-a5cc-edc4f0dce697.jpg,pisos.com
"Piso en calle del Planeta Júpiter, 1",306990,https://fotos.imghs.net/mm-wp/518514/58421708194.518514/518514_58421708194_577fe771-e511-414e-b306-678dc98083ef.jpg,pisos.com
"Piso en calle de San Dacio, 9",300000,https://fotos.imghs.net/mm-wp/992099/58431635862.992099/992099_58431635862_89e84c1b-bb20-4500-a066-0a96f9bac299.jpg,pisos.com
Piso en calle del Panizo,294000,https://fotos.imghs.net/mm-wp/1010/476/1010_1416476_1_2025102916102616606.jpg,pisos.com
Piso en Avenida de Pablo Neruda,320000,https://fotos.imghs.net/mm-wp/526710/58361649315.526710/526710_58361649315_39224fee-3164-410c-ba83-1873e46f25d7.jpg,pisos.com
Piso en calle de Caleruega,890000,https://fotos.imghs.net/mm-wp/1010/607/1010_1543607_7_2025102816103453989.jpg,pisos.com
Piso en Avenida Virgen de Loreto,298000,https://fotos.imghs.net/mm-wp/1005/141/1005_4201141_1_2025102017101623048.jpg,pisos.com
Dúplex en calle de las Fraguas,429900,https://fotos.imghs.net/mm-wp/1005/693/1005_4199693_1_2025101718104752168.jpg,pisos.com
Piso en Todas,151000,https://fotos.imghs.net/mm-wp/1038/473/1038_0250-1473_15_2025111714115762148.jpg,pisos.com
Piso en calle de la Cruz,549000,https://fotos.imghs.net/mm-wp/1005/235/1005_4199235_1_2025101419105807542.jpg,pisos.com
Piso en calle de Joaquín María López,1190000,https://fotos.imghs.net/mm-wp/1005/303/1005_4199303_2_2025101412104968741.jpg,pisos.com
Piso en calle de Arriaza,295000,https://fotos.imghs.net/mm-wp/1002/552/1002_633552_1_2025100919102201518.jpeg,pisos.com
Piso en calle de Ponferrada,309900,https://fotos.imghs.net/mm-wp/1005/489/1005_4196489_24_2025100710104526757.jpg,pisos.com
Piso en calle de Sánchez Balderas,370000,https://fotos.imghs.net/mm-wp/1005/084/1005_172965731084_1_2025100710105100824.jpg,pisos.com
Casa unifamiliar en Avenida del Puente de los Viveros,1350000,https://fotos.imghs.net/mm-wp/4110/58422829695.411000/4110_58422829695_e3dacc54-4baf-4407-8b04-6cfcfa49e9fa.jpg,pisos.com
Chalet en calle de la Hoyuela,279000,https://fotos.imghs.net/mm-wp/1005/756/1005_2675748211756_1_2025100311105037111.jpg,pisos.com
Casa unifamiliar en El Olivar de Mirabal,2800000,https://fotos.imghs.net/mm-wp/1010/447/1010_200447_1_2025110608115137236.jpg,pisos.com
"Piso en Pryconsa, Juan de Austria",260000,https://fotos.imghs.net/mm-wp/1067/449/1067_IFC76049-0523957449_1_2025101410100599366.jpg,pisos.com
Casa adosada en calle de Paraguay,360000,https://fotos.imghs.net/mm-wp/1005/756/1005_2663022711756_1_2025091819094878037.jpg,pisos.com
Piso en Hellín,199000,https://fotos.imghs.net/mm-wp/528352/57577155115.528352/528352_57577155115_c3fa54c2-1450-42aa-9162-835b615422dd.jpg,pisos.com
Piso en Camino del PPO,197000,https://fotos.imghs.net/mm-wp/1005/628/1005_4188628_1_2025090512095027990.jpg,pisos.com
Piso en Avenida Cataluña,367000,https://fotos.imghs.net/mm-wp/1005/214/1005_2642519312214_1_2025111811115031042.jpg,pisos.com
"Dúplex en calle de Jacinto Benavente, 12",518000,https://fotos.imghs.net/mm-wp/515177/56735175647.515177/515177_56735175647_6c5065d3-ad50-4de5-b6fa-36f62131a540.jpg,pisos.com
Piso en calle de Manuel Cortina,1150000,https://fotos.imghs.net/mm-wp/1005/151/1005_261200382151_1_2025071708075335777.jpg,pisos.com
"Piso en calle de Ferraz, 11",5285000,https://fotos.imghs.net/mm-wp/1018/546/1018_106796546_1_2025071010071958220.jpg,pisos.com
Piso en calle de Embajadores,635000,https://fotos.imghs.net/mm-wp/1002/817/1002_624817_1_2025070819073764145.jpeg,pisos.com
Piso en Castillejos,462000,https://fotos.imghs.net/mm-wp/1089/823/1089_XA195-335823_1_2025102816072331250.jpg,pisos.com
Chalet en Travesía del Convento,374000,https://fotos.imghs.net/mm-wp/1005/756/1005_2592546911756_1_2025092517094904153.jpg,pisos.com
Piso en Aluche,299000,https://fotos.imghs.net/mm-wp/518874/55070700895.518874/518874_55070700895_3baef0e7-35e5-457a-ab5f-1ea614afa4d5.jpg,pisos.com
Piso en calle de Ponferrada,281000,https://fotos.imghs.net/mm-wp/1005/734/1005_4159734_6_2025062511062645087.jpg,pisos.com
Chalet en calle Urbanizacion Guadalcampo,359900,https://fotos.imghs.net/mm-wp/1005/711/1005_4143711_1_2025060418060987062.jpg,pisos.com
Chalet en El Guijo-Colonia España,850000,https://fotos.imghs.net/mm-wp/1093/657/1093_EP1062-1657_57_2025060316382431250.jpg,pisos.com
"Chalet unifamiliar en calle de las Viñas, 1",390000,https://fotos.imghs.net/mm-wp/996012/54178563735.996012/996012_54178563735_7b08e85b-b6b9-4630-beca-8b7e29d9e157.jpg,pisos.com
Piso en Plaza de la Beata María Ana de Jesús,690000,https://fotos.imghs.net/mm-wp/500823/54206555438.500823/500823_54206555438_4699c15b-6d8a-4b5e-bb3a-9cd91e826a8c.jpg,pisos.com
"Piso en calle del General Pardiñas, 8",1459000,https://fotos.imghs.net/mm-wp/1005/382/1005_4089382_1_2024121813122819197.jpg,pisos.com
Casa en Centro,310000,https://fotos.imghs.net/mm-wp/1038/380/1038_0250-1380_1_2025112018110122115.jpg,pisos.com
Piso en calle de la Galera,595000,https://fotos.imghs.net/mm-wp/1002/539/1002_510539_1_2024061014065765709.jpeg,pisos.com
"Casa en Avenida del Generalísimo, 13",300000,https://fotos.imghs.net/mm-wp/1018/347/1018_30693347_1_2024020811025654853.jpg,pisos.com
Piso en calle de Cantalejo,1350000,https://fotos.imghs.net/mm-wp/1018/903/1018_107521903_1_2025121613122331126.jpg,pisos.com
Piso en calle del Primero de Mayo,127500,https://fotos.imghs.net/mm-wp/1002/283/1002_642283_1_2025121520122203183.jpeg,pisos.com
Piso en calle Ancha,129999,https://fotos.imghs.net/mm-wp/1002/032/1002_642032_1_2025121519122197527.jpeg,pisos.com
Piso en calle de Hilarión Eslava,1325000,https://fotos.imghs.net/mm-wp/1005/151/1005_274709302151_1_2025121518124770767.jpg,pisos.com
Piso en calle de Sierra Alta,228000,https://fotos.imghs.net/mm-wp/1002/706/1002_639706_1_2025121511122218595.jpeg,pisos.com
Piso en calle del Parque Vosa,186534,https://fotos.imghs.net/mm-wp/1002/872/1002_641872_1_2025121318122212941.jpeg,pisos.com
Chalet adosado en calle de Karl Braun,615000,https://fotos.imghs.net/mm-wp/3813/60020496478.381300/3813_60020496478_c575d6c4-96d7-4b57-beb7-8dbf81a461ec.jpg,pisos.com
Piso en Avenida de Pablo Neruda,375000,https://fotos.imghs.net/mm-wp/1038/604/1038_0549-1604_19_2025121211125554020.jpg,pisos.com
Casa unifamiliar en calle del Carril del Rodeo,495000,https://fotos.imghs.net/mm-wp/1010/198/1010_2131198_1_2025121120123080314.jpg,pisos.com
Piso en calle de los Hermanos Gómez,459900,https://fotos.imghs.net/mm-wp/1002/751/1002_641751_1_2025121112122202767.jpeg,pisos.com
Piso en calle de Cullera,247000,https://fotos.imghs.net/mm-wp/1002/699/1002_641699_1_2025121010122199621.jpeg,pisos.com
Apartamento en calle de Cangas de Onís,342000,https://fotos.imghs.net/mm-wp/1005/290/1005_4214290_2_2025120518120375005.jpg,pisos.com
Piso en calle de Salamanca,168500,https://fotos.imghs.net/mm-wp/1002/720/1002_635720_1_2025120220122222167.jpeg,pisos.com
Piso en Pueblo Nuevo,424999,https://fotos.imghs.net/mm-wp/1002/006/1002_641006_1_2025120219122214308.jpeg,pisos.com
Piso en calle Marchamalo,330000,https://fotos.imghs.net/mm-wp/1005/084/1005_273693231084_1_2025120218125072035.jpg,pisos.com
Piso en calle Pintor Murillo,325000,https://fotos.imghs.net/mm-wp/1005/305/1005_109993305_1_2025120122120848661.jpg,pisos.com
Piso en calle de Somontín,460000,https://fotos.imghs.net/mm-wp/1010/609/1010_1543609_1_2025120116124783301.jpg,pisos.com
Casa unifamiliar en calle de la Virgen,250000,https://fotos.imghs.net/mm-wp/992238/59186986719.992238/992238_59186986719_d1b8155f-d28d-441e-b0df-e48d5a88154c.jpg,pisos.com
Piso en Plaza de Méndez Parada,210000,https://fotos.imghs.net/mm-wp/1002/163/1002_640163_1_2025112613110395627.jpeg,pisos.com
Chalet en calle de la Picaza,356000,https://fotos.imghs.net/mm-wp/1005/511/1005_4206511_1_2025112211110204354.jpg,pisos.com
Piso en calle de José Barbastre,349900,https://fotos.imghs.net/mm-wp/1002/066/1002_639066_1_2025112113110344705.jpeg,pisos.com
Chalet en calle de Jenaro Núñez,430000,https://fotos.imghs.net/mm-wp/1005/282/1005_4209282_3_2025112012110455497.jpg,pisos.com
Piso en Centro,419000,https://fotos.imghs.net/mm-wp/1010/872/1010_174872_1_2025111316112513386.jpg,pisos.com
Piso en calle de la Encina,291900,https://fotos.imghs.net/mm-wp/1002/368/1002_632368_1_2025111312111355971.jpeg,pisos.com
Chalet en Avenida del Rodeo,1165000,https://fotos.imghs.net/mm-wp/1018/432/1018_107376432_1_2025111311115103686.jpg,pisos.com
Piso en calle del Puerto de Lumbreras,156000,https://fotos.imghs.net/mm-wp/1002/969/1002_638969_1_2025111219111369616.jpeg,pisos.com
Chalet pareado en calle de Baiona,699900,https://fotos.imghs.net/mm-wp/525651/59210177580.525651/525651_59210177580_44adc27a-aee0-4b60-ac66-044fbae9a2ed.jpg,pisos.com
Piso en calle de Federico Carlos Sainz de Robles,750000,https://fotos.imghs.net/mm-wp/1002/962/1002_638962_1_2025121217122198805.jpeg,pisos.com
Casa unifamiliar en El Boalo,595000,https://fotos.imghs.net/mm-wp/1002/774/1002_636774_1_2025121120122201074.jpeg,pisos.com
Piso en calle de Valdecanillas,240000,https://fotos.imghs.net/mm-wp/1005/613/1005_109637613_12_2025111122113710171.jpg,pisos.com
Piso en calle del Monte Esquinza,1680000,https://fotos.imghs.net/mm-wp/1018/523/1018_107328523_1_2025111115111365924.jpg,pisos.com
Piso en calle Segovia,190000,https://fotos.imghs.net/mm-wp/1002/351/1002_637351_16_2025111114111501395.jpeg,pisos.com
Dúplex en Centrico,265000,https://fotos.imghs.net/mm-wp/3053/59250602438.305300/3053_59250602438_6acc985d-055d-4f77-ac27-f46696c38e93.jpg,pisos.com
Chalet unifamiliar en calle de Garcilaso de la Vega,359500,https://fotos.imghs.net/mm-wp/510096/59233484802.510096/510096_59233484802_56c4d6a4-693c-41cd-be9e-e0e1ca899757.jpg,pisos.com
Piso en Paseo de los Jesuitas,286000,https://fotos.imghs.net/mm-wp/523960/59172110524.523960/523960_59172110524_8e3f526e-0d88-4532-81b0-81c84e3e9f3a.jpg,pisos.com
Piso en calle de Jericó,1100000,https://fotos.imghs.net/mm-wp/1005/727/1005_109659727_1_2025110522112274601.jpg,pisos.com
Piso en calle de Alcántara,549000,https://fotos.imghs.net/mm-wp/1002/823/1002_637823_30_2025110517111346825.jpeg,pisos.com
Piso en calle del Parque Vosa,188000,https://fotos.imghs.net/mm-wp/1002/730/1002_637730_1_2025110417111292306.jpeg,pisos.com
Piso en calle de San Vicente,239000,https://fotos.imghs.net/mm-wp/1002/719/1002_590719_1_2025110319111279803.jpeg,pisos.com
Piso en calle de Tucán,179900,https://fotos.imghs.net/mm-wp/1002/936/1002_636936_1_2025103111101280709.jpeg,pisos.com
Piso en Quintana,300000,https://fotos.imghs.net/mm-wp/1002/201/1002_637201_1_2025103019101286309.jpeg,pisos.com
Piso en calle Violeta,233500,https://fotos.imghs.net/mm-wp/2712/58416285734.271200/2712_58416285734_d9632398-e3ec-4c71-b8f5-b08b2c2552e8.jpg,pisos.com
Piso en calle de Ercilla,220000,https://fotos.imghs.net/mm-wp/1002/343/1002_635343_1_2025102411101238920.jpeg,pisos.com
Piso en calle Carpetana,177000,https://fotos.imghs.net/mm-wp/1005/223/1005_109560223_1_2025102322102801754.jpg,pisos.com
Piso en calle de la Jabonería,200000,https://fotos.imghs.net/mm-wp/526072/58420921627.526072/526072_58420921627_14df88c4-1b76-490a-b6f1-eb81bcf9b45b.jpg,pisos.com
Ático en calle de Fuente Cisneros,410000,https://fotos.imghs.net/mm-wp/1002/472/1002_635472_10_2025102309101262898.jpeg,pisos.com
Casa adosada en calle de Espalmador,925000,https://fotos.imghs.net/mm-wp/1005/688/1005_109518688_1_2025102022101578592.jpg,pisos.com
Piso en calle de San Andrés,396000,https://fotos.imghs.net/mm-wp/1005/492/1005_3496492_2_2022050414052579209.jpg,pisos.com
Piso en calle de Andrea Puech,230000,https://fotos.imghs.net/mm-wp/1002/250/1002_634250_1_2025102012101253737.jpeg,pisos.com
Piso en calle de la Iglesia,151000,https://fotos.imghs.net/mm-wp/998861/58363126500.998861/998861_58363126500_c9bbf59d-8aed-420d-8d6c-ae8d22d067f7.jpg,pisos.com
Piso en calle de la Infanta Mercedes,620000,https://fotos.imghs.net/mm-wp/1002/056/1002_632056_1_2025101509101237780.jpeg,pisos.com
Piso en Travesía Prado La Fraila,210000,https://fotos.imghs.net/mm-wp/996012/58426457720.996012/996012_58426457720_eec63398-94be-4f3d-8726-8f130350d2ab.jpg,pisos.com
Piso en calle de Vicente Camarón,250000,https://fotos.imghs.net/mm-wp/1002/296/1002_634296_1_2025101420101256411.jpeg,pisos.com
Piso en calle de Abel,380000,https://fotos.imghs.net/mm-wp/1005/084/1005_268571861084_1_2025101410104977579.jpg,pisos.com
Piso en calle del Cardenal Silíceo,380000,https://fotos.imghs.net/mm-wp/1002/029/1002_635029_1_2025101312102171284.jpeg,pisos.com
Piso en calle de la Violetera,310000,https://fotos.imghs.net/mm-wp/1089/426/1089_XA430-8426_1_2025121105071131250.jpg,pisos.com
Casa adosada en calle del Guadiana,615000,https://fotos.imghs.net/mm-wp/1005/556/1005_109538556_1_2025101022101065711.jpg,pisos.com
Piso en Avenida del Mediterráneo,315000,https://fotos.imghs.net/mm-wp/1002/947/1002_634947_1_2025100813102215714.jpeg,pisos.com
Piso en calle de Gloria Fuertes,356800,https://fotos.imghs.net/mm-wp/1002/862/1002_634862_1_2025100810102239463.jpeg,pisos.com
Piso en calle de Sevilla,148000,https://fotos.imghs.net/mm-wp/1002/500/1002_634500_1_2025100717102162709.jpeg,pisos.com
Piso en calle de Antonio Díaz Miguel,585000,https://fotos.imghs.net/mm-wp/997919/58387953593.997919/997919_58387953593_d8feb669-b20d-44e4-b8b0-7b4323edd111.jpg,pisos.com
Piso en calle Capitán Carlos Haya,195000,https://fotos.imghs.net/mm-wp/1002/598/1002_634598_1_2025100620102236741.jpeg,pisos.com
Piso en calle de Lisboa,349900,https://fotos.imghs.net/mm-wp/1002/485/1002_633485_1_2025100611102210522.jpeg,pisos.com
Piso en calle de Alonso Cano,980000,https://fotos.imghs.net/mm-wp/993204/58411907406.993204/993204_58411907406_a5c0456f-9504-4f19-a232-eabac08645c9.jpg,pisos.com
Piso en calle de Nuestra Señora del Villar,221000,https://fotos.imghs.net/mm-wp/528352/54186886551.528352/528352_54186886551_bfe240ab-ff39-4714-b6ac-7bae7fc2aac5.jpg,pisos.com
Piso en calle del Gral. Margallo,779000,https://fotos.imghs.net/mm-wp/1002/452/1002_620452_6_2025103018101280081.jpeg,pisos.com
Chalet en calle de las Eras,465000,https://fotos.imghs.net/mm-wp/1005/756/1005_2637956511756_1_2025092313095013666.jpg,pisos.com
Piso en calle de Torrelaguna,366000,https://fotos.imghs.net/mm-wp/513149/57534806698.513149/513149_57534806698_100536e0-8d8c-4cc9-b403-0f766d7daafb.jpg,pisos.com
Piso en calle de José María Pereda,339000,https://fotos.imghs.net/mm-wp/1089/391/1089_XA544-8391_1_2025121016102731250.jpg,pisos.com
Piso en calle de Arturo Soria,900000,https://fotos.imghs.net/mm-wp/1005/834/1005_4190834_36_2025091914091849118.jpg,pisos.com
Piso en calle de José Barbastre,299900,https://fotos.imghs.net/mm-wp/1002/786/1002_631786_1_2025091820092164906.jpeg,pisos.com
Piso en calle de la Solana,375000,https://fotos.imghs.net/mm-wp/1005/194/1005_4191194_27_2025091809092351245.jpg,pisos.com
Piso en Avenida de América,1830000,https://fotos.imghs.net/mm-wp/511322/57555494129.511322/511322_57555494129_e64bb6ec-26a2-4d38-ae82-dbf6e010fb28.jpg,pisos.com
Piso en Plaza de Verín,315000,https://fotos.imghs.net/mm-wp/1010/288/1010_7053288_17_2025091516092653399.jpg,pisos.com
Piso en calle de Quero,270000,https://fotos.imghs.net/mm-wp/1002/784/1002_631784_1_2025091219095781291.jpeg,pisos.com
Piso en calle de Caracas,2895000,https://fotos.imghs.net/mm-wp/1018/821/1018_107061821_1_2025091205094346507.jpg,pisos.com
Casa adosada en Travesía de G,156000,https://fotos.imghs.net/mm-wp/1002/676/1002_631676_1_2025091112095781253.jpeg,pisos.com
Ático en calle Arratia,375000,https://fotos.imghs.net/mm-wp/1005/410/1005_39185410_1_2025110422112331928.jpg,pisos.com
Piso en Plaza de los Reyes Magos,1290000,https://fotos.imghs.net/mm-wp/1018/098/1018_107031098_5_2025090613091066576.jpg,pisos.com
"Chalet unifamiliar en calle Alcor, 60",1540000,https://fotos.imghs.net/mm-wp/994129/57502041196.994129/994129_57502041196_50233831-721a-451a-8fff-f2d6b7f2b7f6.jpg,pisos.com
Piso en calle de Bustamante,579000,https://fotos.imghs.net/mm-wp/1002/157/1002_631157_1_2025091112095789253.jpeg,pisos.com
Casa adosada en calle del Castillo,449900,https://fotos.imghs.net/mm-wp/1002/886/1002_627886_1_2025080811085845187.jpeg,pisos.com
Piso en calle de Españoleto,185000,https://fotos.imghs.net/mm-wp/1005/884/1005_262624125884_1_2025111720114889522.jpg,pisos.com
Piso en calle de Barberán y Collar,372000,https://fotos.imghs.net/mm-wp/1002/117/1002_612117_99_2025073112075838372.jpeg,pisos.com
Piso en calle de la Montera,840000,https://fotos.imghs.net/mm-wp/1005/116/1005_3800116_3_2023111515113283168.jpg,pisos.com
Piso en calle de Ferraz,2495000,https://fotos.imghs.net/mm-wp/1018/537/1018_106796537_1_2025071010071953433.jpg,pisos.com
Piso en calle de Antonio Maura,4850000,https://fotos.imghs.net/mm-wp/1018/199/1018_106795199_1_2025070919071805656.jpg,pisos.com
Piso en calle de la Montera,470000,https://fotos.imghs.net/mm-wp/1005/060/1005_4163060_1_2025070514071030724.jpg,pisos.com
Piso en calle de San Faustino,825000,https://fotos.imghs.net/mm-wp/517810/55874507588.517810/517810_55874507588_84945cf7-df0e-40a4-8d0f-3896138c909c.jpg,pisos.com
Piso en calle de la Comunidad de Madrid,590000,https://fotos.imghs.net/mm-wp/1005/619/1005_258281347619_1_2025120113120952542.jpg,pisos.com
Chalet en Ronda del Monte,241000,https://fotos.imghs.net/mm-wp/1005/224/1005_4131224_1_2025052713054411861.jpg,pisos.com
Dúplex en calle del Pilar,177000,https://fotos.imghs.net/mm-wp/1005/814/1005_4138814_1_2025103019100934770.jpg,pisos.com
Chalet en calle de Benita Ávila,850000,https://fotos.imghs.net/mm-wp/1018/660/1018_106000660_1_2025051917051398675.jpg,pisos.com
Piso en calle del Espíritu Santo,410000,https://fotos.imghs.net/mm-wp/1005/084/1005_20171551084_1_2025050519055104541.jpg,pisos.com
"Ático en calle de Almíbar, 131",312100,https://fotos.imghs.net/mm-wp/994226/53414641790.994226/994226_53414641790_d1341dbe-ea10-41cf-8d8c-e8539ab9a449.jpg,pisos.com
Dúplex en calle de Víctor González,249000,https://fotos.imghs.net/mm-wp/1005/985/1005_4120985_17_2025040813040217020.jpg,pisos.com
Loft en calle de Cronos,430000,https://fotos.imghs.net/mm-wp/1002/058/1002_616058_5_2025040511045604203.jpeg,pisos.com
Chalet pareado en Carretera Colmenar,815000,https://fotos.imghs.net/mm-wp/997919/52549789073.997919/997919_52549789073_5c4ddeda-06fd-415f-b774-fafe12abc794.jpg,pisos.com
Piso en Avenida de Francisco Javier Sauquillo,189900,https://fotos.imghs.net/mm-wp/996012/52513279662.996012/996012_52513279662_e2a1928d-7492-4155-bb1b-cbfba82b68d8.jpg,pisos.com
Piso en calle de Miguel de Unamuno,189900,https://fotos.imghs.net/mm-wp/996012/52546555193.996012/996012_52546555193_cee9f488-b4a6-4f7d-9164-23252277386d.jpg,pisos.com
Piso en calle de la Luna,840000,https://fotos.imghs.net/mm-wp/1492/50037298481.149200/1492_50037298481_e613914f-ac99-42cd-bf5f-e5b25b09fe65.jpg,pisos.com
Chalet en calle calle Camino de Hoyarrasa,2890000,https://fotos.imghs.net/mm-wp/1018/223/1018_28239223_1_2025030413030130943.jpg,pisos.com
Chalet en calle de los Zorzales,576000,https://fotos.imghs.net/mm-wp/1005/303/1005_3916303_1_2024020618020466785.jpg,pisos.com
Casa en Lozoya,330000,https://fotos.imghs.net/mm-wp/996152/39244475240.996152/996152_39244475240_1_20231108111855031.jpg,pisos.com
Piso en calle de San Roque,520000,https://fotos.imghs.net/mm-wp/1002/158/1002_554158_1_2023081117080549528.jpeg,pisos.com
Piso en calle de Magallanes,1150000,https://fotos.imghs.net/mm-wp/992099/59242134937.992099/992099_59242134937_c9eabff0-75d8-41e4-a5d8-471862e88bfb.jpg,pisos.com
Apartamento en Paseo de la Dirección,330000,https://fotos.imghs.net/mm-wp/1005/645/1005_4207645_1_2025111219111648601.jpg,pisos.com
Piso en calle de Solsona,110000,https://fotos.imghs.net/mm-wp/1089/448/1089_XA544-8448_1_2025102120064631250.jpg,pisos.com
Piso en Rosa Luxemburgo-Padrerón-Polígono Industrial Norte,410000,https://fotos.imghs.net/mm-wp/997459/60027551804.997459/997459_60027551804_d602fd49-ff24-4512-9024-5b1993776505.jpg,pisos.com
Casa adosada en Colina,1420000,https://fotos.imghs.net/mm-wp/1002/774/1002_640774_1_2025120519122204360.jpeg,pisos.com
Piso en El Bercial,245000,https://fotos.imghs.net/mm-wp/1002/344/1002_641344_1_2025120412122196105.jpeg,pisos.com
Piso en El Bercial,435000,https://fotos.imghs.net/mm-wp/1002/291/1002_641291_1_2025120412122233351.jpeg,pisos.com
Piso en Estrella,790000,https://fotos.imghs.net/mm-wp/1002/040/1002_641040_2_2025120212120336728.jpeg,pisos.com
Piso en Casco Histórico,304000,https://fotos.imghs.net/mm-wp/1002/690/1002_640690_1_2025112719110366284.jpeg,pisos.com
Piso en Madrid,650000,https://fotos.imghs.net/mm-wp/1005/833/1005_4190833_1_2025120410120354559.jpg,pisos.com
Chalet en Monte Alina-La Cabaña,3630000,https://fotos.imghs.net/mm-wp/1093/541/1093_EP1062-1541_8_2025110605365431250.jpg,pisos.com
Piso en Niño Jesús,600000,https://fotos.imghs.net/mm-wp/1002/361/1002_636361_1_2025103110101298449.jpeg,pisos.com
Piso en Collado Villalba,239000,https://fotos.imghs.net/mm-wp/1005/672/1005_4203672_5_2025111412114727389.jpg,pisos.com
Piso en Pacífico,610000,https://fotos.imghs.net/mm-wp/1002/369/1002_636369_1_2025102211101231104.jpeg,pisos.com
Piso en Buenavista,285000,https://fotos.imghs.net/mm-wp/1002/190/1002_636190_1_2025101815101255862.jpeg,pisos.com
Casa adosada en Galapagar,440000,https://fotos.imghs.net/mm-wp/1005/263/1005_4199263_1_2025103110104930739.jpg,pisos.com
Chalet en Valdecabañas,1750000,https://fotos.imghs.net/mm-wp/1021/726/1021_213726_2_2025100213103133840.jpg,pisos.com
Casa pareada en Zona Pueblo,1499000,https://fotos.imghs.net/mm-wp/1005/619/1005_266821627619_1_2025110515114819947.jpg,pisos.com
Piso en Niño Jesús,800000,https://fotos.imghs.net/mm-wp/1002/096/1002_634096_2_2025120213120359788.jpeg,pisos.com
Piso en Universidad-Malasaña,247000,https://fotos.imghs.net/mm-wp/1002/322/1002_633322_1_2025092318092141510.jpeg,pisos.com
Piso en Oeste,469000,https://fotos.imghs.net/mm-wp/1002/648/1002_631648_25_2025091520095800523.jpeg,pisos.com
Piso en Vallehermoso,219900,https://fotos.imghs.net/mm-wp/1002/501/1002_622501_1_2025090819095779989.jpeg,pisos.com
Piso en Casco Antiguo Sur,192600,https://fotos.imghs.net/mm-wp/1002/590/1002_626590_99_2025101320101255955.jpeg,pisos.com
Piso en Centro,435000,https://fotos.imghs.net/mm-wp/1002/610/1002_627610_1_2025072413075820823.jpeg,pisos.com
Piso en Centro,360000,https://fotos.imghs.net/mm-wp/1060/405/1060_NI7-2405_1_2025072406074613362.jpg,pisos.com
Chalet adosado en Sector III,498000,https://fotos.imghs.net/mm-wp/514205/55857865472.514205/514205_55857865472_5b731241-38e1-4854-9f44-416a20593848.jpg,pisos.com
Piso en Marroquina,450000,https://fotos.imghs.net/mm-wp/1002/115/1002_624115_2_2025063012063758794.jpeg,pisos.com
Piso en Embajadores-Lavapiés,550000,https://fotos.imghs.net/mm-wp/1002/324/1002_621324_99_2025060614062661958.jpeg,pisos.com
Piso en San Nicasio,365000,https://fotos.imghs.net/mm-wp/1060/511/1060_NI7-1511_1_2025052106051290637.jpg,pisos.com
Piso en Imperial,599000,https://fotos.imghs.net/mm-wp/1005/383/1005_249568378383_1_2025110912114817475.jpg,pisos.com
Piso en Chopera,318000,https://fotos.imghs.net/mm-wp/1051/502/1051_10008502_1_2025050907052421074.jpg,pisos.com
Piso en Justicia,3700000,https://fotos.imghs.net/mm-wp/1021/994/1021_203994_1_2025030619034527424.jpg,pisos.com
Dúplex en Majadahonda / Casco Antiguo,430736,https://fotos.imghs.net/mm-wp/1005/733/1005_4103733_1_2025020714020516347.jpg,pisos.com
Piso en Arapiles,1445000,https://fotos.imghs.net/mm-wp/1010/757/1010_1515757_1_2025011508014684056.jpg,pisos.com
Piso en San Isidro,395000,https://fotos.imghs.net/mm-wp/1002/914/1002_563914_1_2023110719111428666.jpeg,pisos.com
Piso en Aluche,320000,https://fotos.imghs.net/mm-wp/1002/500/1002_635500_1_2025121618122192222.jpeg,pisos.com
Piso en Buenavista,253000,https://fotos.imghs.net/mm-wp/1002/850/1002_639850_1_2025121617122194221.jpeg,pisos.com
Casa unifamiliar en Las Vegas-El Pozanco-Adelfillas,2280000,https://fotos.imghs.net/mm-wp/1002/424/1002_640424_1_2025121610122226399.jpeg,pisos.com
Piso en Pilar,290000,https://fotos.imghs.net/mm-wp/1002/237/1002_641237_2_2025121519122199465.jpeg,pisos.com
Piso en Meco,179000,https://fotos.imghs.net/mm-wp/1002/037/1002_636037_1_2025121518122202464.jpeg,pisos.com
Piso en Casco Antiguo,199000,https://fotos.imghs.net/mm-wp/1002/019/1002_642019_1_2025121516122226469.jpeg,pisos.com
Dúplex en Valleaguado-La Cañada,242000,https://fotos.imghs.net/mm-wp/1002/189/1002_642189_4_2025121513122189884.jpeg,pisos.com
Piso en Villayuventus-Renfe,179999,https://fotos.imghs.net/mm-wp/1002/314/1002_641314_1_2025121513122196439.jpeg,pisos.com
Piso en Parque Inlasa,165000,https://fotos.imghs.net/mm-wp/1002/310/1002_641310_1_2025121511122188046.jpeg,pisos.com
Piso en San Nicasio-Campo de Tiro-Solagua,225000,https://fotos.imghs.net/mm-wp/1002/277/1002_642277_1_2025121509122186666.jpeg,pisos.com
Piso en Puerta Bonita,240000,https://fotos.imghs.net/mm-wp/1002/342/1002_641342_1_2025121218122197346.jpeg,pisos.com
Piso en Aluche,385000,https://fotos.imghs.net/mm-wp/1002/750/1002_641750_1_2025121218122194286.jpeg,pisos.com
Piso en Sur-Este,277000,https://fotos.imghs.net/mm-wp/1002/448/1002_641448_1_2025121120122193509.jpeg,pisos.com
Piso en Hispanoamérica,999999,https://fotos.imghs.net/mm-wp/1002/177/1002_641177_1_2025121119122194635.jpeg,pisos.com
Piso en Puerta Bonita,220000,https://fotos.imghs.net/mm-wp/1002/587/1002_637587_1_2025121119122202819.jpeg,pisos.com
Piso en Embajadores-Lavapiés,210000,https://fotos.imghs.net/mm-wp/1002/852/1002_638852_9_2025121119122218921.jpeg,pisos.com
Casa pareada en Zona Hospital HM Torrelodones,990000,https://fotos.imghs.net/mm-wp/1002/970/1002_641970_1_2025121119122226460.jpeg,pisos.com
Chalet en Nuevo Baztán,210000,https://fotos.imghs.net/mm-wp/1057/438/1057_27438_1_2025121117124312227.jpeg,pisos.com
Piso en Vista Alegre,230000,https://fotos.imghs.net/mm-wp/1002/754/1002_641754_1_2025121113122198362.jpeg,pisos.com
Piso en Pueblo Nuevo,225000,https://fotos.imghs.net/mm-wp/1002/158/1002_640158_1_2025121112122203057.jpeg,pisos.com
Piso en Embajadores-Lavapiés,210000,https://fotos.imghs.net/mm-wp/1002/013/1002_625013_18_2025121119122199513.jpeg,pisos.com
Piso en Guadarrama,255000,https://fotos.imghs.net/mm-wp/1002/501/1002_631501_1_2025121110122210231.jpeg,pisos.com
Piso en Numancia,196000,https://fotos.imghs.net/mm-wp/1002/831/1002_641831_1_2025121013122197984.jpeg,pisos.com
Piso en Villayuventus-Renfe,115000,https://fotos.imghs.net/mm-wp/1002/023/1002_611023_1_2025121013122200863.jpeg,pisos.com
Casa unifamiliar en Los Peñascales,699000,https://fotos.imghs.net/mm-wp/1002/903/1002_641903_1_2025121012122197500.jpeg,pisos.com
Piso en Zarzaquemada,250000,https://fotos.imghs.net/mm-wp/1002/762/1002_641762_1_2025121012122196264.jpeg,pisos.com
Chalet unifamiliar en Torres de La Alameda,450000,https://fotos.imghs.net/mm-wp/996540/60053722703.996540/996540_60053722703_9ba9544f-b43c-427b-b66c-86eec84f7d25.jpg,pisos.com
Piso en Palos de Moguer,720000,https://fotos.imghs.net/mm-wp/1002/645/1002_640645_1_2025120912122198546.jpeg,pisos.com
Piso en San Isidro,238000,https://fotos.imghs.net/mm-wp/1002/723/1002_641723_1_2025120613122212118.jpeg,pisos.com
Piso en Ciudad 70,268200,https://fotos.imghs.net/mm-wp/1002/654/1002_641654_1_2025120520122203557.jpeg,pisos.com
Casa pareada en Centro,625000,https://fotos.imghs.net/mm-wp/1002/972/1002_637972_1_2025120519122200437.jpeg,pisos.com
Piso en Vista Alegre,295000,https://fotos.imghs.net/mm-wp/1002/140/1002_641140_1_2025120518122199480.jpeg,pisos.com
Piso en Centro,208000,https://fotos.imghs.net/mm-wp/1002/357/1002_641357_1_2025120512122198422.jpeg,pisos.com
Piso en Centro,335000,https://fotos.imghs.net/mm-wp/1002/891/1002_640891_1_2025120512122199100.jpeg,pisos.com
Piso en Zona Sureste,229900,https://fotos.imghs.net/mm-wp/1002/110/1002_641110_1_2025120512122201041.jpeg,pisos.com
Piso en Chorrillo,290000,https://fotos.imghs.net/mm-wp/1002/479/1002_641479_1_2025120510122216965.jpeg,pisos.com
Piso en Casco Antiguo,395000,https://fotos.imghs.net/mm-wp/1002/262/1002_641262_1_2025120420122217335.jpeg,pisos.com
Piso en Peñagrande,990000,https://fotos.imghs.net/mm-wp/1002/542/1002_640542_29_2025120417122202505.jpeg,pisos.com
Piso en Lucero,249000,https://fotos.imghs.net/mm-wp/1002/601/1002_637601_1_2025110713111405718.jpeg,pisos.com
Piso en Rivas Urbanizaciones,446800,https://fotos.imghs.net/mm-wp/1005/208/1005_273963917208_1_2025120510124974478.jpg,pisos.com
Piso en Guindalera,385000,https://fotos.imghs.net/mm-wp/1002/431/1002_641431_9_2025120412122199845.jpeg,pisos.com
Piso en Bellas Vistas,310000,https://fotos.imghs.net/mm-wp/1002/120/1002_638120_1_2025120320122204224.jpeg,pisos.com
Piso en Getafe,210000,https://fotos.imghs.net/mm-wp/1005/765/1005_4213765_1_2025120318121021596.jpg,pisos.com
Piso en Casco Antiguo,225000,https://fotos.imghs.net/mm-wp/1002/966/1002_640966_1_2025120318122206388.jpeg,pisos.com
Piso en Montserrat,349900,https://fotos.imghs.net/mm-wp/1002/276/1002_640276_1_2025120316122208659.jpeg,pisos.com
Piso en Prosperidad,320000,https://fotos.imghs.net/mm-wp/1002/960/1002_640960_99_2025120911122194305.jpeg,pisos.com
Piso en Ensanche,270000,https://fotos.imghs.net/mm-wp/1002/341/1002_641341_1_2025120313122222594.jpeg,pisos.com
Piso en Pueblo Nuevo,225000,https://fotos.imghs.net/mm-wp/1002/267/1002_641267_1_2025120313122223682.jpeg,pisos.com
Piso en Los Villares-Grupo Pinar,304000,https://fotos.imghs.net/mm-wp/1002/067/1002_639067_1_2025120310122217024.jpeg,pisos.com
Piso en Guadarrama,239000,https://fotos.imghs.net/mm-wp/1002/023/1002_640023_1_2025120312122212911.jpeg,pisos.com
Piso en Fontenebro-Altavista,230000,https://fotos.imghs.net/mm-wp/1002/394/1002_640394_1_2025120220122219178.jpeg,pisos.com
Piso en Puerta del Ángel,386000,https://fotos.imghs.net/mm-wp/1002/833/1002_640833_1_2025120217122304533.jpeg,pisos.com
Piso en San Diego,219000,https://fotos.imghs.net/mm-wp/1002/069/1002_641069_99_2025120214120359796.jpeg,pisos.com
Piso en Pacífico,750000,https://fotos.imghs.net/mm-wp/1002/350/1002_333350_1_2025121212122196010.jpeg,pisos.com
Piso en Venecia,283000,https://fotos.imghs.net/mm-wp/1002/895/1002_640895_1_2025120213120346918.jpeg,pisos.com
Piso en Hispanoamérica,690000,https://fotos.imghs.net/mm-wp/1002/136/1002_641136_1_2025120212120334675.jpeg,pisos.com
Piso en Marroquina,685000,https://fotos.imghs.net/mm-wp/1002/613/1002_640613_1_2025120210120341238.jpeg,pisos.com
Piso en Zarzaquemada,237500,https://fotos.imghs.net/mm-wp/1002/126/1002_641126_1_2025120210120340095.jpeg,pisos.com
Piso en Amposta,184900,https://fotos.imghs.net/mm-wp/1002/778/1002_640778_99_2025120119120503510.jpeg,pisos.com
Piso en Casco Antiguo,285000,https://fotos.imghs.net/mm-wp/1002/494/1002_640494_1_2025120112120339291.jpeg,pisos.com
Piso en Camarma de Esteruelas,179900,https://fotos.imghs.net/mm-wp/1002/798/1002_636798_1_2025120112120554331.jpeg,pisos.com
Piso en Espartales,290000,https://fotos.imghs.net/mm-wp/1002/428/1002_639428_1_2025112417110369535.jpeg,pisos.com
Piso en Centro,198000,https://fotos.imghs.net/mm-wp/1002/944/1002_639944_1_2025120110120688884.jpeg,pisos.com
Piso en Villalba Estación,135000,https://fotos.imghs.net/mm-wp/1002/207/1002_640207_1_2025112913110364377.jpeg,pisos.com
Casa en Parla Este,395000,https://fotos.imghs.net/mm-wp/1067/947/1067_IFC76435-0524675947_1_2025112910115016613.jpg,pisos.com
Piso en Casco Antiguo,290000,https://fotos.imghs.net/mm-wp/1002/365/1002_640365_1_2025112820110359216.jpeg,pisos.com
Piso en Sur-Este,290000,https://fotos.imghs.net/mm-wp/1002/839/1002_639839_1_2025112818110375300.jpeg,pisos.com
Piso en San Crispín-La Estación,485000,https://fotos.imghs.net/mm-wp/1002/823/1002_640823_1_2025112817110368485.jpeg,pisos.com
Piso en Vinateros,465000,https://fotos.imghs.net/mm-wp/1002/845/1002_616845_1_2025112812110346317.jpeg,pisos.com
Piso en Palos de Moguer,275000,https://fotos.imghs.net/mm-wp/1002/948/1002_573948_1_2025121119122202786.jpeg,pisos.com
Piso en Brezo-Guardia Civil,329000,https://fotos.imghs.net/mm-wp/1002/041/1002_639041_1_2025112720110410937.jpeg,pisos.com
Piso en Palomeras Sureste,224999,https://fotos.imghs.net/mm-wp/1002/422/1002_640422_99_2025120413122203495.jpeg,pisos.com
Piso en Moscardó,169000,https://fotos.imghs.net/mm-wp/1002/142/1002_529142_99_2025112818110346001.jpeg,pisos.com
Piso en Zona Norte,610000,https://fotos.imghs.net/mm-wp/1002/259/1002_638259_28_2025112717110335569.jpeg,pisos.com
Dúplex en Zona Norte,725000,https://fotos.imghs.net/mm-wp/1002/257/1002_638257_1_2025112717110336569.jpeg,pisos.com
Piso en Ventas,278000,https://fotos.imghs.net/mm-wp/1002/259/1002_640259_14_2025112713110363158.jpeg,pisos.com
Piso en Canillas,489000,https://fotos.imghs.net/mm-wp/1002/672/1002_640672_1_2025112713110374313.jpeg,pisos.com
Piso en Nuevo Tres Cantos,425000,https://fotos.imghs.net/mm-wp/1002/066/1002_638066_12_2025112710110425083.jpeg,pisos.com
Piso en Aluche,245000,https://fotos.imghs.net/mm-wp/1002/571/1002_640571_1_2025112619110338745.jpeg,pisos.com
Piso en Moscardó,220000,https://fotos.imghs.net/mm-wp/1002/119/1002_640119_1_2025112612110370574.jpeg,pisos.com
